CompetitionID,SessionID,GameID,EndID,RefTeamID,OppTeamID,RefScoreDiffStartOfEnd,RefHasHammerStartOfEnd,RefPPAvailableAtStart,OppPPAvailableBeforeEnd,UsedPP,RefEloDiff,EndsRemaining
0,1,1,2,19,27,-1,1,1,1,0,124.57298092204314,6
0,1,1,4,19,27,-2,1,1,1,0,124.57298092204314,4
0,1,1,7,19,27,0,1,1,0,1,124.57298092204314,1
0,1,2,2,20,46,-1,1,1,1,0,4.1299199550935555,6
0,1,2,4,20,46,-1,1,1,1,0,4.1299199550935555,4
0,1,2,7,20,46,-2,1,1,0,1,4.1299199550935555,1
0,1,3,4,17,22,0,1,1,1,0,195.28033935483222,4
0,1,3,6,17,22,0,1,1,1,1,195.28033935483222,2
0,1,4,2,18,43,-1,1,1,1,0,199.1707486625137,6
0,1,4,3,18,43,-2,1,1,1,0,199.1707486625137,5
0,1,4,4,18,43,-3,1,1,1,0,199.1707486625137,4
0,1,4,6,18,43,-2,1,1,1,1,199.1707486625137,2
0,2,1,1,43,46,0,1,1,1,0,-222.82296480098103,7
0,2,1,3,43,46,0,1,1,1,0,-222.82296480098103,5
0,2,1,5,43,46,2,1,1,1,0,-222.82296480098103,3
0,2,1,7,43,46,0,1,1,0,1,-222.82296480098103,1
0,2,2,1,19,22,0,1,1,1,0,180.07919272292906,7
0,2,2,3,19,22,0,1,1,1,0,180.07919272292906,5
0,2,2,4,19,22,-1,1,1,1,0,180.07919272292906,4
0,2,2,7,19,22,-1,1,1,0,1,180.07919272292906,1
0,2,3,1,20,24,0,1,1,1,0,-127.90023197402343,7
0,2,3,3,20,24,-3,1,1,1,0,-127.90023197402343,5
0,2,3,4,20,24,-4,1,1,1,0,-127.90023197402343,4
0,2,3,8,20,24,-2,1,1,0,1,-127.90023197402343,0
0,2,4,1,10,27,0,1,1,1,0,109.15401854586753,7
0,2,4,3,10,27,0,1,1,1,0,109.15401854586753,5
0,2,4,4,10,27,-1,1,1,1,0,109.15401854586753,4
0,2,4,6,10,27,-1,1,1,1,1,109.15401854586753,2
0,3,1,1,18,24,0,1,1,1,0,-155.68236806758432,7
0,3,1,3,18,24,-2,1,1,1,0,-155.68236806758432,5
0,3,1,5,18,24,-1,1,1,1,0,-155.68236806758432,3
0,3,1,6,18,24,-2,1,1,1,1,-155.68236806758432,2
0,3,2,2,17,20,-1,1,1,1,0,53.747235733872,6
0,3,2,4,17,20,-2,1,1,1,0,53.747235733872,4
0,3,2,6,17,20,-3,1,1,1,1,53.747235733872,2
0,4,1,2,10,17,-2,1,1,1,0,-30.62010900807877,6
0,4,1,4,10,17,1,1,1,1,0,-30.62010900807877,4
0,4,1,6,10,17,0,1,1,1,0,-30.62010900807877,2
0,4,1,8,10,17,0,1,1,0,1,-30.62010900807877,0
0,4,2,2,18,27,-1,1,1,1,0,58.244755726513404,6
0,4,2,4,18,27,0,1,1,1,0,58.244755726513404,4
0,4,2,6,18,27,2,1,1,1,0,58.244755726513404,2
0,4,2,8,18,27,0,1,1,1,0,58.244755726513404,0
0,4,3,1,19,43,0,1,1,1,0,265.4989738580434,7
0,4,3,3,19,43,-1,1,1,1,0,265.4989738580434,5
0,4,3,5,19,43,0,1,1,1,0,265.4989738580434,3
0,4,3,6,19,43,-1,1,1,1,1,265.4989738580434,2
0,4,4,1,22,46,0,1,1,1,0,-137.40318366586666,7
0,4,4,5,22,46,4,1,1,0,0,-137.40318366586666,3
0,4,4,7,22,46,4,1,1,0,0,-137.40318366586666,1
0,5,1,1,19,46,0,1,1,1,0,42.6760090570624,7
0,5,1,3,19,46,0,1,1,1,0,42.6760090570624,5
0,5,1,7,19,46,0,1,1,0,1,42.6760090570624,1
0,5,2,3,10,18,2,1,1,1,0,50.909262819354126,5
0,5,2,5,10,18,2,1,1,1,0,50.909262819354126,3
0,5,2,7,10,18,2,1,1,0,0,50.909262819354126,1
0,5,3,1,17,24,0,1,1,1,0,-74.15299624015142,7
0,5,3,2,17,24,-3,1,1,1,0,-74.15299624015142,6
0,5,3,4,17,24,0,1,1,1,0,-74.15299624015142,4
0,5,3,6,17,24,-1,1,1,1,1,-74.15299624015142,2
0,6,1,2,22,24,-4,1,1,1,0,-269.43333559498365,6
0,6,1,3,22,24,-5,1,1,1,1,-269.43333559498365,5
0,6,2,2,10,43,-1,1,1,1,0,250.0800114818678,6
0,6,2,5,10,43,1,1,1,1,0,250.0800114818678,3
0,6,2,7,10,43,2,1,1,0,0,250.0800114818678,1
0,6,3,1,27,46,0,1,1,1,0,-81.89697186498074,7
0,6,3,4,27,46,2,1,1,1,0,-81.89697186498074,4
0,6,3,6,27,46,2,1,1,0,0,-81.89697186498074,2
0,6,3,7,27,46,0,1,1,0,1,-81.89697186498074,1
0,6,4,1,19,20,0,1,1,1,0,38.546089101968846,7
0,6,4,3,19,20,0,1,1,1,0,38.546089101968846,5
0,6,4,5,19,20,0,1,1,1,0,38.546089101968846,3
0,6,4,6,19,20,-2,1,1,1,1,38.546089101968846,2
0,7,1,1,17,46,0,1,1,1,0,57.87715568896556,7
0,7,1,4,17,46,5,1,1,0,0,57.87715568896556,4
0,7,1,6,17,46,3,1,1,0,1,57.87715568896556,2
0,7,2,2,18,19,-2,1,1,1,0,-66.32822519552974,6
0,7,2,4,18,19,-2,1,1,1,0,-66.32822519552974,4
0,7,2,5,18,19,-3,1,1,1,1,-66.32822519552974,3
0,8,1,1,20,43,0,1,1,1,0,226.95288475607458,7
0,8,1,3,20,43,1,1,1,1,0,226.95288475607458,5
0,8,1,5,20,43,0,1,1,1,0,226.95288475607458,3
0,8,1,7,20,43,1,1,1,0,1,226.95288475607458,1
0,8,2,1,22,27,0,1,1,1,0,-55.50621180088592,7
0,8,2,3,22,27,-1,1,1,1,0,-55.50621180088592,5
0,8,2,4,22,27,-4,1,1,1,1,-55.50621180088592,4
0,8,3,1,10,19,0,1,1,1,0,-15.418962376175614,7
0,8,3,2,10,19,-1,1,1,1,0,-15.418962376175614,6
0,8,3,3,10,19,-2,1,1,1,0,-15.418962376175614,5
0,8,3,5,10,19,-4,1,1,1,1,-15.418962376175614,3
0,8,4,1,24,46,0,1,1,1,0,132.03015192911698,7
0,8,4,2,24,46,-1,1,1,1,0,132.03015192911698,6
0,8,4,5,24,46,1,1,1,1,0,132.03015192911698,3
0,8,4,7,24,46,1,1,1,0,0,132.03015192911698,1
0,9,1,1,24,27,0,1,1,1,0,213.92712379409772,7
0,9,1,3,24,27,0,1,1,1,0,213.92712379409772,5
0,9,1,4,24,27,-1,1,1,1,0,213.92712379409772,4
0,9,1,7,24,27,0,1,1,0,1,213.92712379409772,1
0,9,2,2,17,43,-1,1,1,1,0,280.7001204899466,6
0,9,2,6,17,43,1,1,1,0,1,280.7001204899466,2
0,9,3,1,18,22,0,1,1,1,0,113.75096752739933,7
0,9,3,7,18,22,7,1,1,0,1,113.75096752739933,1
0,9,4,2,10,20,-1,1,1,1,0,23.127126725793232,6
0,9,4,4,10,20,-1,1,1,1,0,23.127126725793232,4
0,10,1,3,20,22,-2,1,1,1,0,141.53310362096022,5
0,10,1,5,20,22,-3,1,1,1,0,141.53310362096022,3
0,10,1,7,20,22,0,1,1,0,1,141.53310362096022,1
0,10,2,3,27,43,-1,1,1,1,0,140.92599293600028,5
0,10,2,4,27,43,-2,1,1,1,0,140.92599293600028,4
0,10,2,5,27,43,-3,1,1,1,1,140.92599293600028,3
0,11,1,1,17,19,0,1,1,1,0,15.201146631903157,7
0,11,1,3,17,19,1,1,1,1,0,15.201146631903157,5
0,11,1,5,17,19,1,1,1,1,0,15.201146631903157,3
0,11,2,2,18,46,-2,1,1,1,0,-23.652216138467338,6
0,11,2,3,18,46,-3,1,1,1,0,-23.652216138467338,5
0,11,2,7,18,46,0,1,1,0,1,-23.652216138467338,1
0,11,3,4,24,43,3,1,1,1,0,354.853116730098,4
0,11,3,6,24,43,1,1,1,0,0,354.853116730098,2
0,11,4,2,10,22,-1,1,1,1,0,164.66023034675345,6
0,11,4,4,10,22,-1,1,1,1,0,164.66023034675345,4
0,11,4,7,10,22,-1,1,1,0,1,164.66023034675345,1
0,12,1,2,10,46,-3,1,1,1,0,27.257046680886788,6
0,12,1,3,10,46,-5,1,1,1,1,27.257046680886788,5
0,12,2,1,19,24,0,1,1,1,0,-89.35414287205458,7
0,12,2,3,19,24,1,1,1,1,0,-89.35414287205458,5
0,12,2,4,19,24,0,1,1,1,0,-89.35414287205458,4
0,12,2,5,19,24,-1,1,1,1,0,-89.35414287205458,3
0,12,2,7,19,24,-3,1,1,0,1,-89.35414287205458,1
0,12,3,1,18,20,0,1,1,1,0,-27.782136093560894,7
0,12,3,3,18,20,2,1,1,1,0,-27.782136093560894,5
0,12,3,4,18,20,1,1,1,1,0,-27.782136093560894,4
0,12,3,6,18,20,1,1,1,1,0,-27.782136093560894,2
0,12,3,8,18,20,0,1,1,0,1,-27.782136093560894,0
0,12,4,4,17,27,1,1,1,1,0,139.7741275539463,4
0,12,4,7,17,27,2,1,1,0,1,139.7741275539463,1
0,13,1,4,17,18,1,1,1,1,0,81.5293718274329,4
0,13,1,6,17,18,0,1,1,1,1,81.5293718274329,2
0,13,2,2,10,24,-1,1,1,1,0,-104.7731052482302,6
0,13,2,4,10,24,0,1,1,1,0,-104.7731052482302,4
0,13,2,5,10,24,-2,1,1,1,0,-104.7731052482302,3
0,13,2,7,10,24,-1,1,1,1,1,-104.7731052482302,1
0,13,3,1,20,27,0,1,1,1,0,86.0268918200743,7
0,13,3,2,20,27,-3,1,1,1,0,86.0268918200743,6
0,13,3,4,20,27,-3,1,1,1,0,86.0268918200743,4
0,13,3,5,20,27,-4,1,1,1,1,86.0268918200743,3
0,13,4,2,22,43,-1,1,1,1,0,85.41978113511436,6
0,13,4,4,22,43,-3,1,1,1,0,85.41978113511436,4
0,13,4,5,22,43,-4,1,1,1,1,85.41978113511436,3
0,46,1,2,19,24,-1,1,1,1,0,-89.35414287205458,6
0,46,1,3,19,24,-2,1,1,1,0,-89.35414287205458,5
0,46,1,4,19,24,-4,1,1,1,1,-89.35414287205458,4
0,46,2,1,17,27,0,1,1,1,0,139.7741275539463,7
0,46,2,2,17,27,-1,1,1,1,0,139.7741275539463,6
0,46,2,4,17,27,-2,1,1,1,0,139.7741275539463,4
0,46,2,6,17,27,-2,1,1,1,1,139.7741275539463,2
0,48,1,2,19,27,-1,1,1,1,0,124.57298092204314,6
0,49,1,3,17,24,0,1,1,1,0,-74.15299624015142,5
0,49,1,4,17,24,-1,1,1,1,0,-74.15299624015142,4
0,49,1,5,17,24,-4,1,1,1,1,-74.15299624015142,3
22230015,1,1,2,36,44,-3,1,1,1,0,-78.5245670054835,6
22230015,1,1,3,36,44,-4,1,1,1,0,-78.5245670054835,5
22230015,1,1,6,36,44,-5,1,1,1,1,-78.5245670054835,2
22230015,1,2,3,25,46,0,1,1,1,0,-195.13332143101138,5
22230015,1,2,5,25,46,0,1,1,1,0,-195.13332143101138,3
22230015,1,2,6,25,46,-1,1,1,1,0,-195.13332143101138,2
22230015,1,2,8,25,46,-1,1,1,0,1,-195.13332143101138,0
22230015,1,3,1,10,14,0,1,1,1,0,-22.832727443944123,7
22230015,1,3,4,10,14,4,1,1,1,0,-22.832727443944123,4
22230015,1,3,6,10,14,3,1,1,0,0,-22.832727443944123,2
22230015,1,4,3,22,24,0,1,1,1,0,-269.43333559498365,5
22230015,1,4,5,22,24,-1,1,1,1,0,-269.43333559498365,3
22230015,1,4,6,22,24,-2,1,1,1,1,-269.43333559498365,2
22230015,1,5,1,11,37,0,1,1,1,0,-153.53886094177278,7
22230015,1,5,3,11,37,-1,1,1,1,0,-153.53886094177278,5
22230015,1,5,5,11,37,2,1,1,1,0,-153.53886094177278,3
22230015,1,5,7,11,37,1,1,1,0,0,-153.53886094177278,1
22230015,1,5,8,11,37,0,1,1,0,1,-153.53886094177278,0
22230015,2,1,2,15,16,-3,1,1,1,0,-189.28418177871822,6
22230015,2,1,4,15,16,-3,1,1,1,0,-189.28418177871822,4
22230015,2,1,6,15,16,-3,1,1,1,1,-189.28418177871822,2
22230015,2,2,2,17,34,-1,1,1,1,0,311.08019331262744,6
22230015,2,2,6,17,34,3,1,1,1,0,311.08019331262744,2
22230015,2,2,8,17,34,2,1,1,0,1,311.08019331262744,0
22230015,2,3,1,18,23,0,1,1,1,0,185.42495810342575,7
22230015,2,3,6,18,23,8,1,1,0,1,185.42495810342575,2
22230015,2,4,3,28,51,0,1,1,1,0,54.24644103686637,5
22230015,2,4,5,28,51,0,1,1,1,0,54.24644103686637,3
22230015,2,4,7,28,51,0,1,1,1,1,54.24644103686637,1
22230015,2,5,1,19,20,0,1,1,1,0,38.546089101968846,7
22230015,2,5,2,19,20,-2,1,1,1,0,38.546089101968846,6
22230015,2,5,3,19,20,-3,1,1,1,0,38.546089101968846,5
22230015,2,5,6,19,20,-1,1,1,1,1,38.546089101968846,2
22230015,3,1,1,24,46,0,1,1,1,0,132.03015192911698,7
22230015,3,1,3,24,46,-1,1,1,1,0,132.03015192911698,5
22230015,3,1,4,24,46,-3,1,1,1,0,132.03015192911698,4
22230015,3,1,5,24,46,-4,1,1,1,1,132.03015192911698,3
22230015,3,2,6,22,36,3,1,1,0,1,34.644385102226124,2
22230015,3,3,2,37,44,-1,1,1,1,0,109.5653170571577,6
22230015,3,3,4,37,44,1,1,1,1,0,109.5653170571577,4
22230015,3,3,6,37,44,1,1,1,1,1,109.5653170571577,2
22230015,3,4,2,11,14,-3,1,1,1,0,-187.58631977205528,6
22230015,3,4,3,11,14,-4,1,1,1,0,-187.58631977205528,5
22230015,3,4,5,11,14,-4,1,1,1,1,-187.58631977205528,3
22230015,3,5,1,10,25,0,1,1,1,0,222.39036811189817,7
22230015,3,5,4,10,25,2,1,1,1,0,222.39036811189817,4
22230015,3,5,6,10,25,2,1,1,0,0,222.39036811189817,2
22230015,3,5,8,10,25,2,1,1,0,1,222.39036811189817,0
22230015,4,1,4,17,51,1,1,1,1,0,282.90951763350176,4
22230015,4,1,6,17,51,2,1,1,0,1,282.90951763350176,2
22230015,4,2,1,15,28,0,1,1,1,0,-16.93680498840422,7
22230015,4,2,3,15,28,3,1,1,1,0,-16.93680498840422,5
22230015,4,2,4,15,28,0,1,1,1,0,-16.93680498840422,4
22230015,4,2,6,15,28,-4,1,1,1,0,-16.93680498840422,2
22230015,4,2,7,15,28,-6,1,1,1,1,-16.93680498840422,1
22230015,4,3,2,16,20,-1,1,1,1,0,-2.5684640724493875,6
22230015,4,3,4,16,20,-1,1,1,1,0,-2.5684640724493875,4
22230015,4,3,6,16,20,-1,1,1,1,1,-2.5684640724493875,2
22230015,4,4,1,19,23,0,1,1,1,0,251.7531832989555,7
22230015,4,4,4,19,23,3,1,1,1,0,251.7531832989555,4
22230015,4,4,5,19,23,2,1,1,1,0,251.7531832989555,3
22230015,4,5,2,18,34,-1,1,1,1,0,229.55082148519455,6
22230015,4,5,6,18,34,0,1,1,1,0,229.55082148519455,2
22230015,4,5,7,18,34,-1,1,1,1,1,229.55082148519455,1
22230015,5,1,3,14,25,1,1,1,1,0,245.2230955558423,5
22230015,5,1,5,14,25,1,1,1,1,0,245.2230955558423,3
22230015,5,1,7,14,25,1,1,1,0,1,245.2230955558423,1
22230015,5,2,1,11,44,0,1,1,1,0,-43.97354388461508,7
22230015,5,2,3,11,44,3,1,1,1,0,-43.97354388461508,5
22230015,5,2,4,11,44,2,1,1,1,0,-43.97354388461508,4
22230015,5,2,6,11,44,2,1,1,1,0,-43.97354388461508,2
22230015,5,2,8,11,44,2,1,1,0,1,-43.97354388461508,0
22230015,5,3,2,24,36,-2,1,1,1,0,304.07772069720977,6
22230015,5,3,5,24,36,1,1,1,1,0,304.07772069720977,3
22230015,5,3,7,24,36,2,1,1,0,1,304.07772069720977,1
22230015,5,4,1,10,37,0,1,1,1,0,11.214731386338372,7
22230015,5,4,3,10,37,1,1,1,1,0,11.214731386338372,5
22230015,5,4,5,10,37,1,1,1,1,0,11.214731386338372,3
22230015,5,4,6,10,37,0,1,1,1,0,11.214731386338372,2
22230015,5,4,8,10,37,-1,1,1,0,1,11.214731386338372,0
22230015,5,5,1,22,46,0,1,1,1,0,-137.40318366586666,7
22230015,5,5,6,22,46,3,1,1,0,1,-137.40318366586666,2
22230015,6,1,2,23,34,-2,1,1,1,0,44.125863381768795,6
22230015,6,1,4,23,34,-3,1,1,1,1,44.125863381768795,4
22230015,6,2,2,16,19,-1,1,1,1,0,-41.11455317441823,6
22230015,6,2,4,16,19,1,1,1,1,0,-41.11455317441823,4
22230015,6,2,5,16,19,0,1,1,1,0,-41.11455317441823,3
22230015,6,2,7,16,19,1,1,1,0,1,-41.11455317441823,1
22230015,6,3,2,15,51,-3,1,1,1,0,37.30963604846215,6
22230015,6,3,4,15,51,-4,1,1,1,1,37.30963604846215,4
22230015,6,4,2,18,20,-1,1,1,1,0,-27.782136093560894,6
22230015,6,4,3,18,20,-2,1,1,1,0,-27.782136093560894,5
22230015,6,4,4,18,20,-3,1,1,1,0,-27.782136093560894,4
22230015,6,4,5,18,20,-4,1,1,1,1,-27.782136093560894,3
22230015,6,5,1,17,28,0,1,1,1,0,228.6630765966354,7
22230015,6,5,6,17,28,4,1,1,0,0,228.6630765966354,2
22230015,6,5,7,17,28,3,1,1,0,1,228.6630765966354,1
22230015,7,1,2,22,37,-5,1,1,1,0,-153.44549896041508,6
22230015,7,1,3,22,37,-6,1,1,1,1,-153.44549896041508,5
22230015,7,2,1,10,24,0,1,1,1,0,-104.7731052482302,7
22230015,7,2,2,10,24,-1,1,1,1,0,-104.7731052482302,6
22230015,7,2,3,10,24,-2,1,1,1,0,-104.7731052482302,5
22230015,7,2,5,10,24,-1,1,1,1,0,-104.7731052482302,3
22230015,7,2,7,10,24,0,1,1,1,1,-104.7731052482302,1
22230015,7,3,1,11,46,0,1,1,1,0,-137.49654564722437,7
22230015,7,3,3,11,46,0,1,1,1,0,-137.49654564722437,5
22230015,7,3,5,11,46,-1,1,1,1,0,-137.49654564722437,3
22230015,7,3,7,11,46,0,1,1,0,1,-137.49654564722437,1
22230015,7,4,1,14,44,0,1,1,1,0,143.6127758874402,7
22230015,7,4,3,14,44,1,1,1,1,0,143.6127758874402,5
22230015,7,4,6,14,44,2,1,1,0,0,143.6127758874402,2
22230015,7,5,1,25,36,0,1,1,1,0,-23.085752662918594,7
22230015,7,5,5,25,36,3,1,1,0,0,-23.085752662918594,3
22230015,7,5,6,25,36,2,1,1,0,1,-23.085752662918594,2
22230015,8,1,1,20,28,0,1,1,1,0,174.9158408627634,7
22230015,8,1,3,20,28,3,1,1,1,0,174.9158408627634,5
22230015,8,1,6,20,28,5,1,1,0,0,174.9158408627634,2
22230015,8,2,1,18,51,0,1,1,1,0,201.38014580606887,7
22230015,8,2,3,18,51,1,1,1,1,0,201.38014580606887,5
22230015,8,2,5,18,51,1,1,1,1,0,201.38014580606887,3
22230015,8,2,6,18,51,0,1,1,1,0,201.38014580606887,2
22230015,8,2,8,18,51,0,1,1,0,1,201.38014580606887,0
22230015,8,3,2,17,19,-1,1,1,1,0,15.201146631903157,6
22230015,8,3,4,17,19,1,1,1,1,0,15.201146631903157,4
22230015,8,3,5,17,19,-1,1,1,1,0,15.201146631903157,3
22230015,8,3,6,17,19,-2,1,1,1,1,15.201146631903157,2
22230015,8,4,1,16,23,0,1,1,1,0,210.63863012453726,7
22230015,8,4,2,16,23,-1,1,1,1,0,210.63863012453726,6
22230015,8,4,4,16,23,2,1,1,1,0,210.63863012453726,4
22230015,8,4,5,16,23,-2,1,1,1,1,210.63863012453726,3
22230015,8,5,1,15,34,0,1,1,1,0,65.48031172758783,7
22230015,8,5,2,15,34,-1,1,1,1,0,65.48031172758783,6
22230015,8,5,5,15,34,-3,1,1,1,0,65.48031172758783,3
22230015,8,5,7,15,34,-3,1,1,0,1,65.48031172758783,1
22230015,9,1,1,10,46,0,1,1,1,0,27.257046680886788,7
22230015,9,1,4,10,46,1,1,1,1,0,27.257046680886788,4
22230015,9,1,7,10,46,0,1,1,0,1,27.257046680886788,1
22230015,9,2,2,36,37,-1,1,1,1,0,-188.0898840626412,6
22230015,9,2,3,36,37,-3,1,1,1,0,-188.0898840626412,5
22230015,9,2,4,36,37,-4,1,1,1,0,-188.0898840626412,4
22230015,9,2,5,36,37,-6,1,1,1,1,-188.0898840626412,3
22230015,9,3,1,22,44,0,1,1,1,0,-43.88018190325738,7
22230015,9,3,3,22,44,0,1,1,1,0,-43.88018190325738,5
22230015,9,3,5,22,44,-3,1,1,1,1,-43.88018190325738,3
22230015,9,4,1,11,25,0,1,1,1,0,57.636775783787016,7
22230015,9,4,2,11,25,-2,1,1,1,0,57.636775783787016,6
22230015,9,4,4,11,25,-3,1,1,1,0,57.636775783787016,4
22230015,9,4,6,11,25,-1,1,1,1,1,57.636775783787016,2
22230015,9,5,1,14,24,0,1,1,1,0,-81.94037780428607,7
22230015,9,5,3,14,24,2,1,1,1,0,-81.94037780428607,5
22230015,9,5,5,14,24,3,1,1,1,0,-81.94037780428607,3
22230015,9,5,7,14,24,3,1,1,0,1,-81.94037780428607,1
22230015,10,1,1,17,18,0,1,1,1,0,81.5293718274329,7
22230015,10,1,3,17,18,0,1,1,1,0,81.5293718274329,5
22230015,10,1,5,17,18,0,1,1,1,0,81.5293718274329,3
22230015,10,1,6,17,18,-1,1,1,1,1,81.5293718274329,2
22230015,10,2,2,15,20,-2,1,1,1,0,-191.8526458511676,6
22230015,10,2,4,15,20,-2,1,1,1,0,-191.8526458511676,4
22230015,10,2,5,15,20,-4,1,1,1,1,-191.8526458511676,3
22230015,10,3,1,16,28,0,1,1,1,0,172.347376790314,7
22230015,10,3,2,16,28,-1,1,1,1,0,172.347376790314,6
22230015,10,3,7,16,28,4,1,1,0,1,172.347376790314,1
22230015,10,4,1,19,34,0,1,1,1,0,295.8790466807243,7
22230015,10,4,5,19,34,6,1,1,1,0,295.8790466807243,3
22230015,10,4,7,19,34,6,1,1,0,1,295.8790466807243,1
22230015,10,5,3,23,51,-1,1,1,1,0,15.955187702643116,5
22230015,10,5,5,23,51,-1,1,1,1,0,15.955187702643116,3
22230015,10,5,6,23,51,-2,1,1,1,0,15.955187702643116,2
22230015,10,5,7,23,51,-4,1,1,1,1,15.955187702643116,1
22230015,11,1,1,14,37,0,1,1,1,0,34.047458830282494,7
22230015,11,1,2,14,37,-2,1,1,1,0,34.047458830282494,6
22230015,11,1,5,14,37,0,1,1,1,0,34.047458830282494,3
22230015,11,1,6,14,37,-1,1,1,1,1,34.047458830282494,2
22230015,11,2,2,44,46,-2,1,1,1,0,-93.52300176260928,6
22230015,11,2,3,44,46,-3,1,1,1,0,-93.52300176260928,5
22230015,11,2,5,44,46,-3,1,1,1,0,-93.52300176260928,3
22230015,11,2,7,44,46,-1,1,1,0,1,-93.52300176260928,1
22230015,11,3,1,24,25,0,1,1,1,0,327.16347336012836,7
22230015,11,3,3,24,25,0,1,1,1,0,327.16347336012836,5
22230015,11,3,5,24,25,1,1,1,1,0,327.16347336012836,3
22230015,11,3,8,24,25,2,1,1,0,1,327.16347336012836,0
22230015,11,4,1,10,22,0,1,1,1,0,164.66023034675345,7
22230015,11,4,3,10,22,1,1,1,1,0,164.66023034675345,5
22230015,11,4,5,10,22,3,1,1,1,0,164.66023034675345,3
22230015,11,5,1,11,36,0,1,1,1,0,34.55102312086842,7
22230015,11,5,2,11,36,-1,1,1,1,0,34.55102312086842,6
22230015,11,5,4,11,36,-1,1,1,1,0,34.55102312086842,4
22230015,11,5,5,11,36,-2,1,1,1,0,34.55102312086842,3
22230015,11,5,8,11,36,-2,1,1,0,1,34.55102312086842,0
22230015,12,1,1,20,23,0,1,1,1,0,213.20709419698665,7
22230015,12,1,6,20,23,6,1,1,0,1,213.20709419698665,2
22230015,12,2,3,16,17,-3,1,1,1,0,-56.31569980632139,5
22230015,12,2,5,16,17,-3,1,1,1,0,-56.31569980632139,3
22230015,12,2,8,16,17,-1,1,1,0,1,-56.31569980632139,0
22230015,12,3,1,34,51,0,1,1,1,0,-28.17067567912568,7
22230015,12,3,2,34,51,-2,1,1,1,0,-28.17067567912568,6
22230015,12,3,5,34,51,-4,1,1,1,0,-28.17067567912568,3
22230015,12,3,6,34,51,-7,1,1,1,1,-28.17067567912568,2
22230015,12,4,3,18,28,0,1,1,1,0,147.1337047692025,5
22230015,12,4,4,18,28,-1,1,1,1,0,147.1337047692025,4
22230015,12,4,6,18,28,2,1,1,1,0,147.1337047692025,2
22230015,12,4,8,18,28,2,1,1,0,1,147.1337047692025,0
22230015,12,5,1,15,19,0,1,1,1,0,-230.39873495313645,7
22230015,12,5,3,15,19,1,1,1,1,0,-230.39873495313645,5
22230015,12,5,5,15,19,1,1,1,1,0,-230.39873495313645,3
22230015,12,5,6,15,19,0,1,1,1,0,-230.39873495313645,2
22230015,13,1,1,22,25,0,1,1,1,0,57.73013776514472,7
22230015,13,1,2,22,25,-2,1,1,1,0,57.73013776514472,6
22230015,13,1,3,22,25,-3,1,1,1,0,57.73013776514472,5
22230015,13,1,7,22,25,2,1,1,0,1,57.73013776514472,1
22230015,13,2,3,10,11,0,1,1,1,0,164.75359232811115,5
22230015,13,2,6,10,11,1,1,1,1,0,164.75359232811115,2
22230015,13,3,3,14,36,1,1,1,1,0,222.1373428929237,5
22230015,13,3,5,14,36,1,1,1,1,0,222.1373428929237,3
22230015,13,3,7,14,36,3,1,1,0,1,222.1373428929237,1
22230015,13,4,1,37,46,0,1,1,1,0,16.042315294548416,7
22230015,13,4,3,37,46,4,1,1,1,0,16.042315294548416,5
22230015,13,4,5,37,46,6,1,1,0,0,16.042315294548416,3
22230015,13,5,1,24,44,0,1,1,1,0,225.55315369172627,7
22230015,13,5,5,24,44,3,1,1,1,0,225.55315369172627,3
22230015,13,5,7,24,44,3,1,1,0,0,225.55315369172627,1
22230015,13,5,8,24,44,2,1,1,0,1,225.55315369172627,0
22230015,14,1,2,28,34,-2,1,1,1,0,82.41711671599205,6
22230015,14,1,3,28,34,-3,1,1,1,0,82.41711671599205,5
22230015,14,1,7,28,34,-2,1,1,0,1,82.41711671599205,1
22230015,14,2,2,18,19,-1,1,1,1,0,-66.32822519552974,6
22230015,14,2,4,18,19,-1,1,1,1,0,-66.32822519552974,4
22230015,14,2,7,18,19,-1,1,1,0,1,-66.32822519552974,1
22230015,14,3,4,15,23,2,1,1,0,0,21.354448345819037,4
22230015,14,3,6,15,23,4,1,1,0,0,21.354448345819037,2
22230015,14,3,7,15,23,3,1,1,0,1,21.354448345819037,1
22230015,14,4,2,17,20,-1,1,1,1,0,53.747235733872,6
22230015,14,4,3,17,20,-2,1,1,1,0,53.747235733872,5
22230015,14,4,4,17,20,-3,1,1,1,0,53.747235733872,4
22230015,14,4,5,17,20,-4,1,1,1,1,53.747235733872,3
22230015,14,5,1,16,51,0,1,1,1,0,226.59381782718037,7
22230015,14,5,2,16,51,-1,1,1,1,0,226.59381782718037,6
22230015,14,5,4,16,51,0,1,1,1,0,226.59381782718037,4
22230015,14,5,7,16,51,1,1,1,0,1,226.59381782718037,1
22230015,15,1,1,10,36,0,1,1,1,0,199.30461544897958,7
22230015,15,1,3,10,36,-1,1,1,1,0,199.30461544897958,5
22230015,15,1,5,10,36,-1,1,1,1,0,199.30461544897958,3
22230015,15,1,8,10,36,-2,1,1,0,1,199.30461544897958,0
22230015,15,2,1,24,37,0,1,1,1,0,115.98783663456857,7
22230015,15,2,5,24,37,1,1,1,1,0,115.98783663456857,3
22230015,15,2,7,24,37,-1,1,1,0,1,115.98783663456857,1
22230015,15,3,1,11,22,0,1,1,1,0,-0.09336198135770246,7
22230015,15,3,3,11,22,-1,1,1,1,0,-0.09336198135770246,5
22230015,15,3,4,11,22,-2,1,1,1,0,-0.09336198135770246,4
22230015,15,3,6,11,22,0,1,1,1,1,-0.09336198135770246,2
22230015,15,4,2,25,44,-2,1,1,1,0,-101.6103196684021,6
22230015,15,4,5,25,44,2,1,1,1,0,-101.6103196684021,3
22230015,15,4,8,25,44,3,1,1,0,1,-101.6103196684021,0
22230015,15,5,1,14,46,0,1,1,1,0,50.08977412483091,7
22230015,15,5,3,14,46,2,1,1,1,0,50.08977412483091,5
22230015,15,5,5,14,46,2,1,1,1,0,50.08977412483091,3
22230015,15,5,7,14,46,2,1,1,0,1,50.08977412483091,1
22230015,16,1,2,15,18,-1,1,1,1,0,-164.07050975760671,6
22230015,16,1,4,15,18,-2,1,1,1,0,-164.07050975760671,4
22230015,16,1,6,15,18,-2,1,1,1,0,-164.07050975760671,2
22230015,16,1,8,15,18,-2,1,1,0,1,-164.07050975760671,0
22230015,16,2,1,20,51,0,1,1,1,0,229.16228189962976,7
22230015,16,2,5,20,51,2,1,1,0,0,229.16228189962976,3
22230015,16,2,7,20,51,0,1,1,0,1,229.16228189962976,1
22230015,16,3,1,19,28,0,1,1,1,0,213.46192996473224,7
22230015,16,3,4,19,28,4,1,1,1,0,213.46192996473224,4
22230015,16,3,6,19,28,6,1,1,0,0,213.46192996473224,2
22230015,16,4,3,16,34,1,1,1,1,0,254.76449350630605,5
22230015,16,4,4,16,34,0,1,1,1,0,254.76449350630605,4
22230015,16,4,6,16,34,1,1,1,1,1,254.76449350630605,2
22230015,16,5,1,17,23,0,1,1,1,0,266.95432993085865,7
22230015,16,5,2,17,23,-1,1,1,1,0,266.95432993085865,6
22230015,17,1,2,11,24,-5,1,1,1,0,-269.52669757634135,6
22230015,17,1,4,11,24,-2,1,1,1,0,-269.52669757634135,4
22230015,17,1,6,11,24,-2,1,1,1,0,-269.52669757634135,2
22230015,17,1,8,11,24,-1,1,1,0,1,-269.52669757634135,0
22230015,17,2,1,14,22,0,1,1,1,0,187.49295779069757,7
22230015,17,2,4,14,22,3,1,1,0,0,187.49295779069757,4
22230015,17,2,6,14,22,2,1,1,0,1,187.49295779069757,2
22230015,17,3,2,25,37,-1,1,1,1,0,-211.1756367255598,6
22230015,17,3,4,25,37,0,1,1,1,0,-211.1756367255598,4
22230015,17,3,5,25,37,-1,1,1,1,0,-211.1756367255598,3
22230015,17,3,8,25,37,2,1,1,0,1,-211.1756367255598,0
22230015,17,4,1,36,46,0,1,1,1,0,-172.0475687680928,7
22230015,17,4,3,36,46,0,1,1,1,0,-172.0475687680928,5
22230015,17,4,5,36,46,-1,1,1,1,0,-172.0475687680928,3
22230015,17,4,7,36,46,-2,1,1,1,1,-172.0475687680928,1
22230015,17,5,1,10,44,0,1,1,1,0,120.78004844349607,7
22230015,17,5,4,10,44,1,1,1,1,0,120.78004844349607,4
22230015,17,5,6,10,44,3,1,1,1,0,120.78004844349607,2
22230015,17,5,7,10,44,2,1,1,1,0,120.78004844349607,1
22230015,18,1,2,19,51,-1,1,1,1,0,267.7083710015986,6
22230015,18,1,3,19,51,-3,1,1,1,0,267.7083710015986,5
22230015,18,1,6,19,51,-3,1,1,1,1,267.7083710015986,2
22230015,18,2,1,23,28,0,1,1,1,0,-38.291253334223256,7
22230015,18,2,2,23,28,-1,1,1,1,0,-38.291253334223256,6
22230015,18,2,3,23,28,-2,1,1,1,0,-38.291253334223256,5
22230015,18,2,5,23,28,-6,1,1,1,0,-38.291253334223256,3
22230015,18,3,2,20,34,-3,1,1,1,0,257.33295757875544,6
22230015,18,3,4,20,34,-2,1,1,1,0,257.33295757875544,4
22230015,18,3,6,20,34,0,1,1,1,0,257.33295757875544,2
22230015,18,3,8,20,34,-1,1,1,0,1,257.33295757875544,0
22230015,18,4,2,15,17,-1,1,1,1,0,-245.5998815850396,6
22230015,18,4,5,15,17,0,1,1,1,0,-245.5998815850396,3
22230015,18,4,6,15,17,-3,1,1,1,1,-245.5998815850396,2
22230015,18,5,1,16,18,0,1,1,1,0,25.213672021111506,7
22230015,18,5,2,16,18,-1,1,1,1,0,25.213672021111506,6
22230015,18,5,3,16,18,-2,1,1,1,0,25.213672021111506,5
22230015,18,5,4,16,18,-5,1,1,1,1,25.213672021111506,4
22230015,41,1,2,14,20,-2,1,1,1,0,45.959854169737355,6
22230015,41,1,4,14,20,-5,1,1,1,1,45.959854169737355,4
22230015,41,2,2,17,37,-1,1,1,1,0,41.83484039441714,6
22230015,41,2,4,17,37,-1,1,1,1,0,41.83484039441714,4
22230015,41,2,7,17,37,1,1,1,0,1,41.83484039441714,1
22230015,45,1,1,15,22,0,1,1,1,0,-50.31954223020739,7
22230015,45,1,4,15,22,1,1,1,1,0,-50.31954223020739,4
22230015,45,1,5,15,22,0,1,1,1,0,-50.31954223020739,3
22230015,45,1,6,15,22,-1,1,1,1,0,-50.31954223020739,2
22230015,45,1,7,15,22,-2,1,1,1,1,-50.31954223020739,1
22230015,45,2,1,28,44,0,1,1,1,0,-77.26291914506055,7
22230015,45,2,2,28,44,-2,1,1,1,0,-77.26291914506055,6
22230015,45,2,5,28,44,-2,1,1,1,0,-77.26291914506055,3
22230015,45,2,7,28,44,-3,1,1,1,1,-77.26291914506055,1
22230015,46,1,1,10,20,0,1,1,1,0,23.127126725793232,7
22230015,46,1,2,10,20,-1,1,1,1,0,23.127126725793232,6
22230015,46,1,4,10,20,-1,1,1,1,0,23.127126725793232,4
22230015,46,1,6,10,20,-1,1,1,1,0,23.127126725793232,2
22230015,46,1,7,10,20,-2,1,1,1,1,23.127126725793232,1
22230015,46,2,1,16,17,0,1,1,1,0,-56.31569980632139,7
22230015,46,2,3,16,17,0,1,1,1,0,-56.31569980632139,5
22230015,46,2,5,16,17,0,1,1,1,0,-56.31569980632139,3
22230015,46,2,7,16,17,-1,1,1,0,1,-56.31569980632139,1
22230015,48,1,1,10,17,0,1,1,1,0,-30.62010900807877,7
22230015,48,1,2,10,17,-1,1,1,1,0,-30.62010900807877,6
22230015,48,1,4,10,17,-1,1,1,1,0,-30.62010900807877,4
22230015,48,1,5,10,17,-2,1,1,1,0,-30.62010900807877,3
22230015,48,1,6,10,17,-3,1,1,1,1,-30.62010900807877,2
22230015,49,1,1,16,20,0,1,1,1,0,-2.5684640724493875,7
22230015,49,1,2,16,20,-1,1,1,1,0,-2.5684640724493875,6
22230015,49,1,3,16,20,-3,1,1,1,0,-2.5684640724493875,5
22230015,49,1,5,16,20,-4,1,1,1,1,-2.5684640724493875,3
23240026,1,1,3,11,15,-1,1,1,1,0,50.22618024884969,5
23240026,1,1,5,11,15,0,1,1,1,0,50.22618024884969,3
23240026,1,1,7,11,15,0,1,1,1,1,50.22618024884969,1
23240026,1,2,5,24,34,2,1,1,1,0,385.23318955277887,3
23240026,1,2,7,24,34,2,1,1,0,0,385.23318955277887,1
23240026,1,3,1,37,51,0,1,1,1,0,241.07467723908462,7
23240026,1,3,3,37,51,3,1,1,1,0,241.07467723908462,5
23240026,1,3,4,37,51,1,1,1,1,0,241.07467723908462,4
23240026,1,3,6,37,51,1,1,1,1,1,241.07467723908462,2
23240026,1,4,1,13,18,0,1,1,1,0,-132.813092823116,7
23240026,1,4,2,13,18,-1,1,1,1,0,-132.813092823116,6
23240026,1,4,4,13,18,0,1,1,1,0,-132.813092823116,4
23240026,1,4,6,13,18,-2,1,1,1,1,-132.813092823116,2
23240026,1,5,1,16,17,0,1,1,1,0,-56.31569980632139,7
23240026,1,5,4,16,17,1,1,1,1,0,-56.31569980632139,4
23240026,1,5,5,16,17,0,1,1,1,0,-56.31569980632139,3
23240026,1,5,6,16,17,-1,1,1,1,1,-56.31569980632139,2
23240026,2,1,2,14,22,-1,1,1,1,0,187.49295779069757,6
23240026,2,1,3,14,22,-2,1,1,1,0,187.49295779069757,5
23240026,2,1,4,14,22,-3,1,1,1,0,187.49295779069757,4
23240026,2,2,1,25,43,0,1,1,1,0,27.689643369969644,7
23240026,2,2,3,25,43,-2,1,1,1,0,27.689643369969644,5
23240026,2,2,5,25,43,-3,1,1,1,0,27.689643369969644,3
23240026,2,2,7,25,43,-3,1,1,0,1,27.689643369969644,1
23240026,2,3,3,19,20,0,1,1,1,0,38.546089101968846,5
23240026,2,3,4,19,20,-2,1,1,1,0,38.546089101968846,4
23240026,2,3,6,19,20,-1,1,1,1,1,38.546089101968846,2
23240026,2,4,1,10,30,0,1,1,1,0,144.86369231948515,7
23240026,2,4,4,10,30,3,1,1,1,0,144.86369231948515,4
23240026,2,5,1,44,46,0,1,1,1,0,-93.52300176260928,7
23240026,2,5,2,44,46,-1,1,1,1,0,-93.52300176260928,6
23240026,2,5,4,44,46,-1,1,1,1,0,-93.52300176260928,4
23240026,2,5,5,44,46,-3,1,1,1,0,-93.52300176260928,3
23240026,3,1,1,18,24,0,1,1,1,0,-155.68236806758432,7
23240026,3,1,3,18,24,1,1,1,1,0,-155.68236806758432,5
23240026,3,1,5,18,24,1,1,1,1,0,-155.68236806758432,3
23240026,3,1,7,18,24,0,1,1,0,1,-155.68236806758432,1
23240026,3,2,2,13,15,-2,1,1,1,0,31.25741693449072,6
23240026,3,2,3,13,15,-4,1,1,1,0,31.25741693449072,5
23240026,3,2,4,13,15,-5,1,1,1,1,31.25741693449072,4
23240026,3,3,2,11,17,-1,1,1,1,0,-195.37370133618992,6
23240026,3,3,4,11,17,1,1,1,1,0,-195.37370133618992,4
23240026,3,3,6,11,17,0,1,1,0,1,-195.37370133618992,2
23240026,3,4,2,16,37,-2,1,1,1,0,-14.480859411904248,6
23240026,3,4,5,16,37,-1,1,1,1,0,-14.480859411904248,3
23240026,3,4,7,16,37,0,1,1,0,1,-14.480859411904248,1
23240026,3,5,1,34,51,0,1,1,1,0,-28.17067567912568,7
23240026,3,5,2,34,51,-1,1,1,1,0,-28.17067567912568,6
23240026,3,5,5,34,51,-1,1,1,1,0,-28.17067567912568,3
23240026,3,5,6,34,51,-2,1,1,1,1,-28.17067567912568,2
23240026,4,1,1,25,30,0,1,1,1,0,-77.52667579241302,7
23240026,4,1,2,25,30,-1,1,1,1,0,-77.52667579241302,6
23240026,4,2,3,10,22,1,1,1,1,0,164.66023034675345,5
23240026,4,2,5,10,22,4,1,1,0,0,164.66023034675345,3
23240026,4,2,6,10,22,3,1,1,0,0,164.66023034675345,2
23240026,4,3,1,14,44,0,1,1,1,0,143.6127758874402,7
23240026,4,3,2,14,44,-1,1,1,1,0,143.6127758874402,6
23240026,4,3,3,14,44,-2,1,1,1,0,143.6127758874402,5
23240026,4,3,4,14,44,-3,1,1,1,0,143.6127758874402,4
23240026,4,3,6,14,44,-3,1,1,1,1,143.6127758874402,2
23240026,4,4,3,20,46,-1,1,1,1,0,4.1299199550935555,5
23240026,4,4,6,20,46,0,1,1,1,1,4.1299199550935555,2
23240026,4,5,1,19,43,0,1,1,1,0,265.4989738580434,7
23240026,4,5,4,19,43,2,1,1,1,0,265.4989738580434,4
23240026,5,1,2,34,37,-4,1,1,1,0,-269.2453529182103,6
23240026,5,1,4,34,37,-3,1,1,1,0,-269.2453529182103,4
23240026,5,1,6,34,37,-4,1,1,1,1,-269.2453529182103,2
23240026,5,2,3,11,16,0,1,1,1,0,-139.05800152986853,5
23240026,5,2,5,11,16,-1,1,1,1,0,-139.05800152986853,3
23240026,5,2,6,11,16,-2,1,1,1,1,-139.05800152986853,2
23240026,5,3,2,15,18,-4,1,1,1,0,-164.07050975760671,6
23240026,5,3,3,15,18,-5,1,1,1,0,-164.07050975760671,5
23240026,5,3,4,15,18,-6,1,1,1,0,-164.07050975760671,4
23240026,5,3,7,15,18,-4,1,1,1,1,-164.07050975760671,1
23240026,5,4,1,17,51,0,1,1,1,0,282.90951763350176,7
23240026,5,4,4,17,51,2,1,1,1,0,282.90951763350176,4
23240026,5,4,5,17,51,1,1,1,1,0,282.90951763350176,3
23240026,5,4,7,17,51,0,1,1,0,1,282.90951763350176,1
23240026,5,5,1,13,24,0,1,1,1,0,-288.4954608907003,7
23240026,5,5,3,13,24,-2,1,1,1,0,-288.4954608907003,5
23240026,5,5,4,13,24,-3,1,1,1,0,-288.4954608907003,4
23240026,5,5,5,13,24,-4,1,1,1,1,-288.4954608907003,3
23240026,6,1,2,20,43,-1,1,1,1,0,226.95288475607458,6
23240026,6,1,3,20,43,-2,1,1,1,0,226.95288475607458,5
23240026,6,1,5,20,43,-4,1,1,1,1,226.95288475607458,3
23240026,6,2,1,14,46,0,1,1,1,0,50.08977412483091,7
23240026,6,2,3,14,46,0,1,1,1,0,50.08977412483091,5
23240026,6,2,4,14,46,-1,1,1,1,0,50.08977412483091,4
23240026,6,2,6,14,46,-1,1,1,1,0,50.08977412483091,2
23240026,6,3,1,22,30,0,1,1,1,0,-19.796538027268298,7
23240026,6,3,3,22,30,1,1,1,1,0,-19.796538027268298,5
23240026,6,3,4,22,30,0,1,1,1,0,-19.796538027268298,4
23240026,6,3,7,22,30,1,1,1,0,0,-19.796538027268298,1
23240026,6,3,8,22,30,-1,1,1,0,1,-19.796538027268298,0
23240026,6,4,1,19,44,0,1,1,1,0,136.19901081967168,7
23240026,6,4,4,19,44,1,1,1,1,0,136.19901081967168,4
23240026,6,4,5,19,44,0,1,1,1,0,136.19901081967168,3
23240026,6,4,7,19,44,0,1,1,0,1,136.19901081967168,1
23240026,6,5,1,10,25,0,1,1,1,0,222.39036811189817,7
23240026,7,1,1,13,17,0,1,1,1,0,-214.3424646505489,7
23240026,7,1,3,13,17,0,1,1,1,0,-214.3424646505489,5
23240026,7,1,4,13,17,-1,1,1,1,0,-214.3424646505489,4
23240026,7,1,5,13,17,-2,1,1,1,0,-214.3424646505489,3
23240026,7,1,6,13,17,-4,1,1,1,1,-214.3424646505489,2
23240026,7,2,1,18,51,0,1,1,1,0,201.38014580606887,7
23240026,7,2,5,18,51,6,1,1,0,0,201.38014580606887,3
23240026,7,3,1,16,24,0,1,1,1,0,-130.46869604647281,7
23240026,7,3,2,16,24,-1,1,1,1,0,-130.46869604647281,6
23240026,7,3,3,16,24,-2,1,1,1,0,-130.46869604647281,5
23240026,7,3,5,16,24,-3,1,1,1,1,-130.46869604647281,3
23240026,7,4,2,11,37,-2,1,1,1,0,-153.53886094177278,6
23240026,7,4,4,11,37,-1,1,1,1,0,-153.53886094177278,4
23240026,7,4,6,11,37,-4,1,1,1,1,-153.53886094177278,2
23240026,7,5,1,15,34,0,1,1,1,0,65.48031172758783,7
23240026,7,5,3,15,34,1,1,1,1,0,65.48031172758783,5
23240026,7,5,5,15,34,2,1,1,1,0,65.48031172758783,3
23240026,7,5,7,15,34,3,1,1,0,1,65.48031172758783,1
23240026,8,1,2,10,44,-1,1,1,1,0,120.78004844349607,6
23240026,8,1,3,10,44,-2,1,1,1,0,120.78004844349607,5
23240026,8,1,4,10,44,-3,1,1,1,0,120.78004844349607,4
23240026,8,1,7,10,44,1,1,1,1,1,120.78004844349607,1
23240026,8,2,1,19,30,0,1,1,1,0,160.28265469566077,7
23240026,8,2,5,19,30,4,1,1,0,0,160.28265469566077,3
23240026,8,3,1,25,46,0,1,1,1,0,-195.13332143101138,7
23240026,8,3,3,25,46,1,1,1,1,0,-195.13332143101138,5
23240026,8,3,4,25,46,0,1,1,1,0,-195.13332143101138,4
23240026,8,3,5,25,46,-1,1,1,1,0,-195.13332143101138,3
23240026,8,3,7,25,46,0,1,1,0,1,-195.13332143101138,1
23240026,8,4,1,14,20,0,1,1,1,0,45.959854169737355,7
23240026,8,4,2,14,20,-1,1,1,1,0,45.959854169737355,6
23240026,8,4,3,14,20,-2,1,1,1,0,45.959854169737355,5
23240026,8,4,4,14,20,-4,1,1,1,0,45.959854169737355,4
23240026,8,4,5,14,20,-8,1,1,1,1,45.959854169737355,3
23240026,8,5,1,22,43,0,1,1,1,0,85.41978113511436,7
23240026,8,5,6,22,43,6,1,1,0,0,85.41978113511436,2
23240026,9,1,2,24,51,-1,1,1,1,0,357.0625138736532,6
23240026,9,1,5,24,51,2,1,1,1,0,357.0625138736532,3
23240026,9,1,7,24,51,2,1,1,0,1,357.0625138736532,1
23240026,9,2,2,15,17,-3,1,1,1,0,-245.5998815850396,6
23240026,9,2,4,15,17,-4,1,1,1,0,-245.5998815850396,4
23240026,9,2,7,15,17,-3,1,1,0,1,-245.5998815850396,1
23240026,9,3,1,11,13,0,1,1,1,0,18.968763314358966,7
23240026,9,3,3,11,13,-1,1,1,1,0,18.968763314358966,5
23240026,9,3,5,11,13,2,1,1,1,0,18.968763314358966,3
23240026,9,3,7,11,13,0,1,1,0,1,18.968763314358966,1
23240026,9,4,1,16,34,0,1,1,1,0,254.76449350630605,7
23240026,9,4,5,16,34,5,1,1,0,1,254.76449350630605,3
23240026,9,5,1,18,37,0,1,1,1,0,-39.694531433015754,7
23240026,9,5,3,18,37,1,1,1,1,0,-39.694531433015754,5
23240026,9,5,6,18,37,1,1,1,0,0,-39.694531433015754,2
23240026,10,1,1,19,25,0,1,1,1,0,237.80933048807378,7
23240026,10,1,4,19,25,1,1,1,1,0,237.80933048807378,4
23240026,10,1,6,19,25,2,1,1,1,1,237.80933048807378,2
23240026,10,2,2,22,44,-5,1,1,1,0,-43.88018190325738,6
23240026,10,2,5,22,44,-4,1,1,1,1,-43.88018190325738,3
23240026,10,3,1,10,14,0,1,1,1,0,-22.832727443944123,7
23240026,10,3,2,10,14,-1,1,1,1,0,-22.832727443944123,6
23240026,10,3,5,10,14,2,1,1,1,0,-22.832727443944123,3
23240026,10,3,7,10,14,1,1,1,0,1,-22.832727443944123,1
23240026,10,4,2,43,46,-1,1,1,1,0,-222.82296480098103,6
23240026,10,4,3,43,46,-2,1,1,1,0,-222.82296480098103,5
23240026,10,4,4,43,46,-3,1,1,1,0,-222.82296480098103,4
23240026,10,4,7,43,46,-3,1,1,1,1,-222.82296480098103,1
23240026,10,5,1,20,30,0,1,1,1,0,121.73656559369192,7
23240026,10,5,3,20,30,-1,1,1,1,0,121.73656559369192,5
23240026,10,5,7,20,30,1,1,1,0,1,121.73656559369192,1
23240026,11,1,1,17,37,0,1,1,1,0,41.83484039441714,7
23240026,11,1,3,17,37,0,1,1,1,0,41.83484039441714,5
23240026,11,1,5,17,37,4,1,1,0,0,41.83484039441714,3
23240026,11,1,7,17,37,4,1,1,0,1,41.83484039441714,1
23240026,11,2,1,11,24,0,1,1,1,0,-269.52669757634135,7
23240026,11,2,2,11,24,-1,1,1,1,0,-269.52669757634135,6
23240026,11,2,3,11,24,-3,1,1,1,0,-269.52669757634135,5
23240026,11,2,6,11,24,-3,1,1,1,1,-269.52669757634135,2
23240026,11,3,1,18,34,0,1,1,1,0,229.55082148519455,7
23240026,11,3,5,18,34,4,1,1,0,0,229.55082148519455,3
23240026,11,4,2,13,51,-2,1,1,1,0,68.56705298295287,6
23240026,11,4,3,13,51,-4,1,1,1,0,68.56705298295287,5
23240026,11,4,6,13,51,-3,1,1,1,1,68.56705298295287,2
23240026,11,5,1,15,16,0,1,1,1,0,-189.28418177871822,7
23240026,11,5,2,15,16,-1,1,1,1,0,-189.28418177871822,6
23240026,11,5,4,15,16,-1,1,1,1,0,-189.28418177871822,4
23240026,11,5,6,15,16,-1,1,1,1,1,-189.28418177871822,2
23240026,12,1,3,20,44,-1,1,1,1,0,97.65292171770284,5
23240026,12,1,4,20,44,-2,1,1,1,0,97.65292171770284,4
23240026,12,1,7,20,44,-2,1,1,1,1,97.65292171770284,1
23240026,12,2,1,14,25,0,1,1,1,0,245.2230955558423,7
23240026,12,2,3,14,25,1,1,1,1,0,245.2230955558423,5
23240026,12,2,5,14,25,1,1,1,1,0,245.2230955558423,3
23240026,12,2,6,14,25,0,1,1,1,0,245.2230955558423,2
23240026,12,2,7,14,25,-1,1,1,1,1,245.2230955558423,1
23240026,12,3,1,30,43,0,1,1,1,0,105.21631916238266,7
23240026,12,3,3,30,43,1,1,1,1,0,105.21631916238266,5
23240026,12,3,4,30,43,-2,1,1,1,0,105.21631916238266,4
23240026,12,3,6,30,43,-2,1,1,1,1,105.21631916238266,2
23240026,12,4,2,10,19,-1,1,1,1,0,-15.418962376175614,6
23240026,12,4,3,10,19,-2,1,1,1,0,-15.418962376175614,5
23240026,12,4,5,10,19,-3,1,1,1,0,-15.418962376175614,3
23240026,12,4,7,10,19,-3,1,1,0,1,-15.418962376175614,1
23240026,12,5,2,22,46,-1,1,1,1,0,-137.40318366586666,6
23240026,12,5,3,22,46,-2,1,1,1,0,-137.40318366586666,5
23240026,12,5,6,22,46,1,1,1,0,1,-137.40318366586666,2
23240026,13,1,1,13,34,0,1,1,1,0,96.73772866207855,7
23240026,13,1,3,13,34,-3,1,1,1,0,96.73772866207855,5
23240026,13,1,5,13,34,-2,1,1,1,0,96.73772866207855,3
23240026,13,1,6,13,34,-4,1,1,1,1,96.73772866207855,2
23240026,13,2,2,16,51,-1,1,1,1,0,226.59381782718037,6
23240026,13,2,6,16,51,0,1,1,0,1,226.59381782718037,2
23240026,13,3,2,15,37,-2,1,1,1,0,-203.76504119062247,6
23240026,13,3,4,15,37,-2,1,1,1,0,-203.76504119062247,4
23240026,13,3,5,15,37,-4,1,1,1,1,-203.76504119062247,3
23240026,13,4,2,17,24,-1,1,1,1,0,-74.15299624015142,6
23240026,13,4,4,17,24,1,1,1,1,0,-74.15299624015142,4
23240026,13,4,6,17,24,2,1,1,1,1,-74.15299624015142,2
23240026,13,5,5,11,18,2,1,1,1,0,-113.84432950875703,3
23240026,13,5,7,11,18,1,1,1,0,1,-113.84432950875703,1
23240026,14,1,1,10,43,0,1,1,1,0,250.0800114818678,7
23240026,14,1,3,10,43,-1,1,1,1,0,250.0800114818678,5
23240026,14,1,5,10,43,-2,1,1,1,0,250.0800114818678,3
23240026,14,2,1,19,46,0,1,1,1,0,42.6760090570624,7
23240026,14,2,3,19,46,1,1,1,1,0,42.6760090570624,5
23240026,14,2,4,19,46,0,1,1,1,0,42.6760090570624,4
23240026,14,2,6,19,46,-1,1,1,1,1,42.6760090570624,2
23240026,14,3,1,20,22,0,1,1,1,0,141.53310362096022,7
23240026,14,3,2,20,22,-1,1,1,1,0,141.53310362096022,6
23240026,14,3,5,20,22,-1,1,1,1,0,141.53310362096022,3
23240026,14,3,6,20,22,-3,1,1,1,1,141.53310362096022,2
23240026,14,4,1,25,44,0,1,1,1,0,-101.6103196684021,7
23240026,14,4,2,25,44,-1,1,1,1,0,-101.6103196684021,6
23240026,14,4,4,25,44,0,1,1,1,0,-101.6103196684021,4
23240026,14,4,5,25,44,-1,1,1,1,0,-101.6103196684021,3
23240026,14,4,7,25,44,-1,1,1,1,1,-101.6103196684021,1
23240026,14,5,1,14,30,0,1,1,1,0,167.69641976342928,7
23240026,14,5,3,14,30,1,1,1,1,0,167.69641976342928,5
23240026,14,5,5,14,30,1,1,1,1,0,167.69641976342928,3
23240026,14,5,7,14,30,2,1,1,0,1,167.69641976342928,1
23240026,15,1,1,15,51,0,1,1,1,0,37.30963604846215,7
23240026,15,1,3,15,51,0,1,1,1,0,37.30963604846215,5
23240026,15,1,6,15,51,2,1,1,0,0,37.30963604846215,2
23240026,15,1,7,15,51,1,1,1,0,1,37.30963604846215,1
23240026,15,2,3,17,18,0,1,1,1,0,81.5293718274329,5
23240026,15,2,4,17,18,-1,1,1,1,0,81.5293718274329,4
23240026,15,2,6,17,18,0,1,1,1,1,81.5293718274329,2
23240026,15,3,2,13,16,-1,1,1,1,0,-158.0267648442275,6
23240026,15,3,3,13,16,-2,1,1,1,0,-158.0267648442275,5
23240026,15,3,5,13,16,-1,1,1,1,0,-158.0267648442275,3
23240026,15,3,7,13,16,-1,1,1,0,1,-158.0267648442275,1
23240026,15,4,2,11,34,-2,1,1,1,0,115.70649197643752,6
23240026,15,4,3,11,34,-5,1,1,1,1,115.70649197643752,5
23240026,15,5,2,24,37,-2,1,1,1,0,115.98783663456857,6
23240026,15,5,5,24,37,0,1,1,1,0,115.98783663456857,3
23240026,15,5,6,24,37,-1,1,1,1,0,115.98783663456857,2
23240026,16,1,2,19,22,-1,1,1,1,0,180.07919272292906,6
23240026,16,1,4,19,22,1,1,1,1,0,180.07919272292906,4
23240026,16,1,6,19,22,3,1,1,0,1,180.07919272292906,2
23240026,16,2,1,30,44,0,1,1,1,0,-24.083643875989083,7
23240026,16,2,3,30,44,0,1,1,1,0,-24.083643875989083,5
23240026,16,2,4,30,44,-2,1,1,1,0,-24.083643875989083,4
23240026,16,2,8,30,44,3,1,1,0,1,-24.083643875989083,0
23240026,16,3,1,10,46,0,1,1,1,0,27.257046680886788,7
23240026,16,3,4,10,46,2,1,1,1,0,27.257046680886788,4
23240026,16,3,6,10,46,1,1,1,0,0,27.257046680886788,2
23240026,16,4,1,14,43,0,1,1,1,0,272.91273892581194,7
23240026,16,4,4,14,43,1,1,1,1,0,272.91273892581194,4
23240026,16,4,6,14,43,1,1,1,0,0,272.91273892581194,2
23240026,16,4,7,14,43,0,1,1,0,1,272.91273892581194,1
23240026,16,5,1,20,25,0,1,1,1,0,199.26324138610494,7
23240026,17,1,3,16,18,1,1,1,1,0,25.213672021111506,5
23240026,17,1,4,16,18,-1,1,1,1,0,25.213672021111506,4
23240026,17,1,7,16,18,0,1,1,0,1,25.213672021111506,1
23240026,17,2,3,13,37,0,1,1,1,0,-172.50762425613175,5
23240026,17,2,4,13,37,-1,1,1,1,0,-172.50762425613175,4
23240026,17,2,6,13,37,-3,1,1,1,1,-172.50762425613175,2
23240026,17,3,1,17,34,0,1,1,1,0,311.08019331262744,7
23240026,17,3,4,17,34,3,1,1,1,0,311.08019331262744,4
23240026,17,3,6,17,34,3,1,1,0,1,311.08019331262744,2
23240026,17,4,1,15,24,0,1,1,1,0,-319.75287782519104,7
23240026,17,4,3,15,24,1,1,1,1,0,-319.75287782519104,5
23240026,17,4,5,15,24,1,1,1,1,0,-319.75287782519104,3
23240026,17,4,6,15,24,-2,1,1,1,0,-319.75287782519104,2
23240026,17,4,7,15,24,-3,1,1,1,1,-319.75287782519104,1
23240026,17,5,2,11,51,-1,1,1,1,0,87.53581629731184,6
23240026,17,5,3,11,51,-2,1,1,1,0,87.53581629731184,5
23240026,17,5,6,11,51,-1,1,1,1,1,87.53581629731184,2
23240026,18,1,1,30,46,0,1,1,1,0,-117.60664563859837,7
23240026,18,1,2,30,46,-1,1,1,1,0,-117.60664563859837,6
23240026,18,1,4,30,46,-1,1,1,1,0,-117.60664563859837,4
23240026,18,1,5,30,46,-4,1,1,1,1,-117.60664563859837,3
23240026,18,2,3,10,20,2,1,1,1,0,23.127126725793232,5
23240026,18,2,5,10,20,2,1,1,1,0,23.127126725793232,3
23240026,18,2,7,10,20,0,1,1,0,1,23.127126725793232,1
23240026,18,3,1,43,44,0,1,1,1,0,-129.29996303837174,7
23240026,18,3,2,43,44,-1,1,1,1,0,-129.29996303837174,6
23240026,18,3,3,43,44,-2,1,1,1,0,-129.29996303837174,5
23240026,18,3,4,43,44,-3,1,1,1,0,-129.29996303837174,4
23240026,18,3,8,43,44,-2,1,1,0,1,-129.29996303837174,0
23240026,18,4,2,22,25,-1,1,1,1,0,57.73013776514472,6
23240026,18,4,3,22,25,-4,1,1,1,0,57.73013776514472,5
23240026,18,4,5,22,25,-4,1,1,1,1,57.73013776514472,3
23240026,18,5,3,14,19,-1,1,1,1,0,7.413765067768509,5
23240026,18,5,5,14,19,0,1,1,1,0,7.413765067768509,3
23240026,18,5,7,14,19,1,1,1,0,1,7.413765067768509,1
23240026,41,1,1,10,37,0,1,1,1,0,11.214731386338372,7
23240026,41,1,3,10,37,-1,1,1,1,0,11.214731386338372,5
23240026,41,1,5,10,37,-1,1,1,1,0,11.214731386338372,3
23240026,41,1,7,10,37,0,1,1,0,1,11.214731386338372,1
23240026,41,2,4,14,18,1,1,1,1,0,73.74199026329825,4
23240026,41,2,5,14,18,0,1,1,1,0,73.74199026329825,3
23240026,41,2,6,14,18,-2,1,1,1,1,73.74199026329825,2
23240026,45,1,2,22,51,-1,1,1,1,0,87.62917827866954,6
23240026,45,1,4,22,51,1,1,1,1,0,87.62917827866954,4
23240026,45,1,6,22,51,1,1,1,0,0,87.62917827866954,2
23240026,45,2,1,13,46,0,1,1,1,0,-156.46530896158333,7
23240026,45,2,2,13,46,-1,1,1,1,0,-156.46530896158333,6
23240026,45,2,4,13,46,0,1,1,1,0,-156.46530896158333,4
23240026,45,2,6,13,46,0,1,1,1,0,-156.46530896158333,2
23240026,45,2,8,13,46,-3,1,1,0,1,-156.46530896158333,0
23240026,46,1,1,17,37,0,1,1,1,0,41.83484039441714,7
23240026,46,1,2,17,37,-1,1,1,1,0,41.83484039441714,6
23240026,46,1,4,17,37,0,1,1,1,0,41.83484039441714,4
23240026,46,1,6,17,37,-1,1,1,1,1,41.83484039441714,2
23240026,46,2,2,18,19,-1,1,1,1,0,-66.32822519552974,6
23240026,46,2,5,18,19,-1,1,1,1,0,-66.32822519552974,3
23240026,46,2,7,18,19,-2,1,1,0,1,-66.32822519552974,1
23240026,48,1,1,17,18,0,1,1,1,0,81.5293718274329,7
23240026,48,1,3,17,18,0,1,1,1,0,81.5293718274329,5
23240026,48,1,5,17,18,-1,1,1,1,1,81.5293718274329,3
23240026,49,1,1,19,37,0,1,1,1,0,26.633693762513985,7
23240026,49,1,2,19,37,-1,1,1,1,0,26.633693762513985,6
23240026,49,1,5,19,37,1,1,1,1,0,26.633693762513985,3
23240026,49,1,7,19,37,1,1,1,0,1,26.633693762513985,1
24250026,1,1,1,10,15,0,1,1,1,0,214.97977257696084,7
24250026,1,1,3,10,15,-1,1,1,1,0,214.97977257696084,5
24250026,1,1,5,10,15,1,1,1,1,0,214.97977257696084,3
24250026,1,1,7,10,15,1,1,1,0,1,214.97977257696084,1
24250026,1,2,1,43,44,0,1,1,1,0,-129.29996303837174,7
24250026,1,2,4,43,44,1,1,1,1,0,-129.29996303837174,4
24250026,1,2,6,43,44,1,1,1,1,1,-129.29996303837174,2
24250026,1,3,2,14,25,-1,1,1,1,0,245.2230955558423,6
24250026,1,3,3,14,25,-2,1,1,1,0,245.2230955558423,5
24250026,1,3,7,14,25,4,1,1,0,1,245.2230955558423,1
24250026,1,4,2,12,24,-2,1,1,1,0,-200.3870271377989,6
24250026,1,4,3,12,24,-4,1,1,1,1,-200.3870271377989,5
24250026,1,5,1,11,19,0,1,1,1,0,-180.17255470428677,7
24250026,1,5,3,11,19,0,1,1,1,0,-180.17255470428677,5
24250026,1,5,5,11,19,1,1,1,1,0,-180.17255470428677,3
24250026,1,5,6,11,19,0,1,1,1,0,-180.17255470428677,2
24250026,1,5,7,11,19,-1,1,1,1,1,-180.17255470428677,1
24250026,2,1,1,16,34,0,1,1,1,0,254.76449350630605,7
24250026,2,1,5,16,34,4,1,1,0,0,254.76449350630605,3
24250026,2,2,1,18,46,0,1,1,1,0,-23.652216138467338,7
24250026,2,2,3,18,46,-2,1,1,1,0,-23.652216138467338,5
24250026,2,2,5,18,46,-3,1,1,1,0,-23.652216138467338,3
24250026,2,2,7,18,46,-3,1,1,0,1,-23.652216138467338,1
24250026,2,3,1,20,51,0,1,1,1,0,229.16228189962976,7
24250026,2,3,2,20,51,-1,1,1,1,0,229.16228189962976,6
24250026,2,3,4,20,51,-1,1,1,1,0,229.16228189962976,4
24250026,2,4,2,17,22,-2,1,1,1,0,195.28033935483222,6
24250026,2,4,4,17,22,-2,1,1,1,0,195.28033935483222,4
24250026,2,4,7,17,22,-1,1,1,0,1,195.28033935483222,1
24250026,2,5,2,30,37,-4,1,1,1,0,-133.64896093314678,6
24250026,2,5,6,30,37,-2,1,1,1,1,-133.64896093314678,2
24250026,3,1,1,12,44,0,1,1,1,0,25.16612655392737,7
24250026,3,1,2,12,44,-2,1,1,1,0,25.16612655392737,6
24250026,3,1,3,12,44,-3,1,1,1,0,25.16612655392737,5
24250026,3,1,5,12,44,-4,1,1,1,1,25.16612655392737,3
24250026,3,2,2,15,24,-2,1,1,1,0,-319.75287782519104,6
24250026,3,2,3,15,24,-4,1,1,1,0,-319.75287782519104,5
24250026,3,2,4,15,24,-5,1,1,1,1,-319.75287782519104,4
24250026,3,3,2,10,11,-1,1,1,1,0,164.75359232811115,6
24250026,3,3,4,10,11,0,1,1,1,0,164.75359232811115,4
24250026,3,3,6,10,11,0,1,1,1,0,164.75359232811115,2
24250026,3,3,8,10,11,1,1,1,0,1,164.75359232811115,0
24250026,3,4,1,19,25,0,1,1,1,0,237.80933048807378,7
24250026,3,4,2,19,25,-2,1,1,1,0,237.80933048807378,6
24250026,3,4,5,19,25,2,1,1,1,0,237.80933048807378,3
24250026,3,4,6,19,25,1,1,1,1,0,237.80933048807378,2
24250026,3,5,1,14,43,0,1,1,1,0,272.91273892581194,7
24250026,3,5,2,14,43,-1,1,1,1,0,272.91273892581194,6
24250026,3,5,4,14,43,1,1,1,1,0,272.91273892581194,4
24250026,3,5,5,14,43,0,1,1,1,0,272.91273892581194,3
24250026,3,5,7,14,43,1,1,1,0,1,272.91273892581194,1
24250026,4,1,1,18,22,0,1,1,1,0,113.75096752739933,7
24250026,4,1,3,18,22,-3,1,1,1,0,113.75096752739933,5
24250026,4,1,4,18,22,-4,1,1,1,0,113.75096752739933,4
24250026,4,1,6,18,22,-3,1,1,1,1,113.75096752739933,2
24250026,4,2,1,16,17,0,1,1,1,0,-56.31569980632139,7
24250026,4,2,3,16,17,0,1,1,1,0,-56.31569980632139,5
24250026,4,2,5,16,17,0,1,1,1,0,-56.31569980632139,3
24250026,4,2,7,16,17,0,1,1,0,1,-56.31569980632139,1
24250026,4,3,3,30,34,2,1,1,1,0,135.59639198506352,5
24250026,4,3,5,30,34,5,1,1,0,1,135.59639198506352,3
24250026,4,4,1,37,51,0,1,1,1,0,241.07467723908462,7
24250026,4,4,3,37,51,1,1,1,1,0,241.07467723908462,5
24250026,4,4,6,37,51,4,1,1,0,1,241.07467723908462,2
24250026,4,5,2,20,46,-2,1,1,1,0,4.1299199550935555,6
24250026,4,5,4,20,46,-3,1,1,1,0,4.1299199550935555,4
24250026,4,5,6,20,46,-3,1,1,1,1,4.1299199550935555,2
24250026,5,1,3,25,43,-1,1,1,1,0,27.689643369969644,5
24250026,5,1,4,25,43,-2,1,1,1,0,27.689643369969644,4
24250026,5,1,5,25,43,-3,1,1,1,0,27.689643369969644,3
24250026,5,1,7,25,43,-3,1,1,0,1,27.689643369969644,1
24250026,5,2,2,10,19,-3,1,1,1,0,-15.418962376175614,6
24250026,5,2,4,10,19,-2,1,1,1,0,-15.418962376175614,4
24250026,5,2,6,10,19,-1,1,1,1,1,-15.418962376175614,2
24250026,5,3,4,12,15,1,1,1,1,0,119.36585068739214,4
24250026,5,3,6,12,15,2,1,1,1,1,119.36585068739214,2
24250026,5,4,2,11,14,-1,1,1,1,0,-187.58631977205528,6
24250026,5,4,4,11,14,-2,1,1,1,0,-187.58631977205528,4
24250026,5,4,6,11,14,-3,1,1,1,1,-187.58631977205528,2
24250026,5,5,1,24,44,0,1,1,1,0,225.55315369172627,7
24250026,5,5,3,24,44,3,1,1,1,0,225.55315369172627,5
24250026,5,5,5,24,44,4,1,1,0,0,225.55315369172627,3
24250026,5,5,7,24,44,4,1,1,0,1,225.55315369172627,1
24250026,6,1,1,46,51,0,1,1,1,0,225.0323619445362,7
24250026,6,1,3,46,51,3,1,1,1,0,225.0323619445362,5
24250026,6,1,5,46,51,4,1,1,0,0,225.0323619445362,3
24250026,6,2,2,34,37,-2,1,1,1,0,-269.2453529182103,6
24250026,6,2,4,34,37,-1,1,1,1,0,-269.2453529182103,4
24250026,6,2,5,34,37,-2,1,1,1,0,-269.2453529182103,3
24250026,6,2,8,34,37,0,1,1,0,1,-269.2453529182103,0
24250026,6,3,1,16,22,0,1,1,1,0,138.96463954851083,7
24250026,6,3,2,16,22,-2,1,1,1,0,138.96463954851083,6
24250026,6,3,3,16,22,-3,1,1,1,0,138.96463954851083,5
24250026,6,3,6,16,22,-2,1,1,1,1,138.96463954851083,2
24250026,6,4,1,20,30,0,1,1,1,0,121.73656559369192,7
24250026,6,4,4,20,30,1,1,1,1,0,121.73656559369192,4
24250026,6,4,6,20,30,4,1,1,0,0,121.73656559369192,2
24250026,6,5,1,17,18,0,1,1,1,0,81.5293718274329,7
24250026,6,5,3,17,18,0,1,1,1,0,81.5293718274329,5
24250026,6,5,6,17,18,0,1,1,1,1,81.5293718274329,2
24250026,7,1,3,11,24,1,1,1,1,0,-269.52669757634135,5
24250026,7,1,5,11,24,-2,1,1,1,1,-269.52669757634135,3
24250026,7,2,2,12,14,-1,1,1,1,0,-118.44664933351282,6
24250026,7,2,4,12,14,-1,1,1,1,0,-118.44664933351282,4
24250026,7,2,5,12,14,-4,1,1,1,1,-118.44664933351282,3
24250026,7,3,3,19,44,1,1,1,1,0,136.19901081967168,5
24250026,7,3,5,19,44,-1,1,1,1,1,136.19901081967168,3
24250026,7,4,2,10,25,-1,1,1,1,0,222.39036811189817,6
24250026,7,4,5,10,25,0,1,1,1,0,222.39036811189817,3
24250026,7,5,1,15,43,0,1,1,1,0,35.10023890490697,7
24250026,7,5,2,15,43,-1,1,1,1,0,35.10023890490697,6
24250026,7,5,3,15,43,-2,1,1,1,0,35.10023890490697,5
24250026,7,5,5,15,43,-1,1,1,1,0,35.10023890490697,3
24250026,7,5,8,15,43,-1,1,1,0,1,35.10023890490697,0
24250026,8,1,2,17,30,-2,1,1,1,0,175.48380132756392,6
24250026,8,1,4,17,30,0,1,1,1,0,175.48380132756392,4
24250026,8,1,6,17,30,0,1,1,1,1,175.48380132756392,2
24250026,8,2,1,20,22,0,1,1,1,0,141.53310362096022,7
24250026,8,2,2,20,22,-1,1,1,1,0,141.53310362096022,6
24250026,8,2,6,20,22,2,1,1,0,0,141.53310362096022,2
24250026,8,2,8,20,22,2,1,1,0,1,141.53310362096022,0
24250026,8,3,2,18,37,-1,1,1,1,0,-39.694531433015754,6
24250026,8,3,4,18,37,-1,1,1,1,0,-39.694531433015754,4
24250026,8,3,8,18,37,3,1,1,0,1,-39.694531433015754,0
24250026,8,4,2,34,51,-3,1,1,1,0,-28.17067567912568,6
24250026,8,4,4,34,51,-1,1,1,1,0,-28.17067567912568,4
24250026,8,4,6,34,51,-1,1,1,1,0,-28.17067567912568,2
24250026,8,4,8,34,51,-1,1,1,0,1,-28.17067567912568,0
24250026,8,5,2,16,46,-2,1,1,1,0,1.561455882644168,6
24250026,8,5,5,16,46,0,1,1,1,0,1.561455882644168,3
24250026,8,5,7,16,46,0,1,1,0,1,1.561455882644168,1
24250026,9,1,2,14,44,-4,1,1,1,0,143.6127758874402,6
24250026,9,1,4,14,44,-3,1,1,1,0,143.6127758874402,4
24250026,9,1,5,14,44,-4,1,1,1,1,143.6127758874402,3
24250026,9,2,1,11,15,0,1,1,1,0,50.22618024884969,7
24250026,9,2,2,11,15,-1,1,1,1,0,50.22618024884969,6
24250026,9,2,3,11,15,-3,1,1,1,0,50.22618024884969,5
24250026,9,2,4,11,15,-5,1,1,1,1,50.22618024884969,4
24250026,9,3,3,10,24,0,1,1,1,0,-104.7731052482302,5
24250026,9,3,5,10,24,1,1,1,1,0,-104.7731052482302,3
24250026,9,3,7,10,24,1,1,1,0,1,-104.7731052482302,1
24250026,9,4,1,19,43,0,1,1,1,0,265.4989738580434,7
24250026,9,4,3,19,43,0,1,1,1,0,265.4989738580434,5
24250026,9,4,5,19,43,3,1,1,1,0,265.4989738580434,3
24250026,9,4,7,19,43,4,1,1,0,1,265.4989738580434,1
24250026,9,5,3,12,25,1,1,1,1,0,126.77644622232947,5
24250026,9,5,5,12,25,1,1,1,1,1,126.77644622232947,3
24250026,10,1,1,18,20,0,1,1,1,0,-27.782136093560894,7
24250026,10,1,2,18,20,-1,1,1,1,0,-27.782136093560894,6
24250026,10,1,4,18,20,-2,1,1,1,0,-27.782136093560894,4
24250026,10,1,6,18,20,-1,1,1,1,1,-27.782136093560894,2
24250026,10,2,5,16,30,2,1,1,1,0,119.16810152124253,3
24250026,10,2,6,16,30,1,1,1,1,1,119.16810152124253,2
24250026,10,3,1,17,34,0,1,1,1,0,311.08019331262744,7
24250026,10,3,3,17,34,1,1,1,1,0,311.08019331262744,5
24250026,10,3,5,17,34,2,1,1,1,0,311.08019331262744,3
24250026,10,4,2,37,46,-2,1,1,1,0,16.042315294548416,6
24250026,10,4,3,37,46,-3,1,1,1,0,16.042315294548416,5
24250026,10,4,5,37,46,-4,1,1,1,1,16.042315294548416,3
24250026,10,5,1,22,51,0,1,1,1,0,87.62917827866954,7
24250026,10,5,2,22,51,-1,1,1,1,0,87.62917827866954,6
24250026,10,5,4,22,51,-1,1,1,1,0,87.62917827866954,4
24250026,10,5,5,22,51,-2,1,1,1,0,87.62917827866954,3
24250026,11,1,1,11,25,0,1,1,1,0,57.636775783787016,7
24250026,11,1,3,11,25,1,1,1,1,0,57.636775783787016,5
24250026,11,1,5,11,25,1,1,1,1,0,57.636775783787016,3
24250026,11,1,7,11,25,-1,1,1,0,1,57.636775783787016,1
24250026,11,2,1,10,44,0,1,1,1,0,120.78004844349607,7
24250026,11,2,3,10,44,0,1,1,1,0,120.78004844349607,5
24250026,11,2,5,10,44,1,1,1,1,0,120.78004844349607,3
24250026,11,2,7,10,44,1,1,1,0,1,120.78004844349607,1
24250026,11,3,1,12,43,0,1,1,1,0,154.4660895922991,7
24250026,11,3,3,12,43,1,1,1,1,0,154.4660895922991,5
24250026,11,3,6,12,43,1,1,1,0,1,154.4660895922991,2
24250026,11,4,2,14,24,-2,1,1,1,0,-81.94037780428607,6
24250026,11,4,4,14,24,-2,1,1,1,0,-81.94037780428607,4
24250026,11,4,6,14,24,-2,1,1,1,1,-81.94037780428607,2
24250026,11,5,1,15,19,0,1,1,1,0,-230.39873495313645,7
24250026,11,5,3,15,19,-2,1,1,1,0,-230.39873495313645,5
24250026,11,5,5,15,19,-2,1,1,1,0,-230.39873495313645,3
24250026,11,5,7,15,19,-3,1,1,0,1,-230.39873495313645,1
24250026,12,1,2,30,51,-1,1,1,1,0,107.42571630593784,6
24250026,12,1,3,30,51,-2,1,1,1,0,107.42571630593784,5
24250026,12,1,5,30,51,0,1,1,1,0,107.42571630593784,3
24250026,12,1,8,30,51,0,1,1,0,1,107.42571630593784,0
24250026,12,2,1,18,34,0,1,1,1,0,229.55082148519455,7
24250026,12,2,4,18,34,1,1,1,1,0,229.55082148519455,4
24250026,12,3,1,22,46,0,1,1,1,0,-137.40318366586666,7
24250026,12,3,2,22,46,-1,1,1,1,0,-137.40318366586666,6
24250026,12,3,4,22,46,-2,1,1,1,0,-137.40318366586666,4
24250026,12,3,6,22,46,-2,1,1,1,1,-137.40318366586666,2
24250026,12,4,2,17,20,-3,1,1,1,1,53.747235733872,6
24250026,12,5,2,16,37,-4,1,1,1,0,-14.480859411904248,6
24250026,12,5,4,16,37,-3,1,1,1,0,-14.480859411904248,4
24250026,12,5,5,16,37,-4,1,1,1,1,-14.480859411904248,3
24250026,13,1,1,24,43,0,1,1,1,0,354.853116730098,7
24250026,13,1,4,24,43,2,1,1,1,0,354.853116730098,4
24250026,13,1,6,24,43,4,1,1,0,0,354.853116730098,2
24250026,13,2,2,14,19,-1,1,1,1,0,7.413765067768509,6
24250026,13,2,4,14,19,-1,1,1,1,0,7.413765067768509,4
24250026,13,2,5,14,19,-2,1,1,1,0,7.413765067768509,3
24250026,13,2,7,14,19,0,1,1,0,1,7.413765067768509,1
24250026,13,3,2,15,25,-1,1,1,1,0,7.410595534937329,6
24250026,13,3,4,15,25,-2,1,1,1,0,7.410595534937329,4
24250026,13,3,5,15,25,-3,1,1,1,1,7.410595534937329,3
24250026,13,4,1,11,44,0,1,1,1,0,-43.97354388461508,7
24250026,13,4,3,11,44,-1,1,1,1,0,-43.97354388461508,5
24250026,13,4,5,11,44,-1,1,1,1,0,-43.97354388461508,3
24250026,13,4,7,11,44,-2,1,1,1,1,-43.97354388461508,1
24250026,13,5,1,10,12,0,1,1,1,0,95.6139218895687,7
24250026,13,5,6,10,12,6,1,1,0,1,95.6139218895687,2
24250026,14,1,2,17,46,-1,1,1,1,0,57.87715568896556,6
24250026,14,1,3,17,46,-4,1,1,1,1,57.87715568896556,5
24250026,14,2,3,20,37,0,1,1,1,0,-11.91239533945486,5
24250026,14,2,5,20,37,-1,1,1,1,0,-11.91239533945486,3
24250026,14,2,7,20,37,-3,1,1,0,1,-11.91239533945486,1
24250026,14,3,1,16,51,0,1,1,1,0,226.59381782718037,7
24250026,14,3,4,16,51,3,1,1,0,0,226.59381782718037,4
24250026,14,3,7,16,51,5,1,1,0,1,226.59381782718037,1
24250026,14,4,1,18,30,0,1,1,1,0,93.95442950013103,7
24250026,14,4,3,18,30,0,1,1,1,0,93.95442950013103,5
24250026,14,4,5,18,30,-1,1,1,1,0,93.95442950013103,3
24250026,14,4,7,18,30,-2,1,1,0,1,93.95442950013103,1
24250026,14,5,2,22,34,-1,1,1,1,0,115.79985395779522,6
24250026,14,5,8,22,34,4,1,1,0,1,115.79985395779522,0
24250026,15,1,1,14,15,0,1,1,1,0,237.81250002090496,7
24250026,15,2,1,11,12,0,1,1,1,0,-69.13967043854245,7
24250026,15,2,3,11,12,-1,1,1,1,0,-69.13967043854245,5
24250026,15,2,4,11,12,-3,1,1,1,1,-69.13967043854245,4
24250026,15,3,1,19,24,0,1,1,1,0,-89.35414287205458,7
24250026,15,3,2,19,24,-1,1,1,1,0,-89.35414287205458,6
24250026,15,3,3,19,24,-3,1,1,1,0,-89.35414287205458,5
24250026,15,3,5,19,24,-4,1,1,1,1,-89.35414287205458,3
24250026,15,4,1,10,43,0,1,1,1,0,250.0800114818678,7
24250026,15,4,3,10,43,0,1,1,1,0,250.0800114818678,5
24250026,15,4,5,10,43,-1,1,1,1,0,250.0800114818678,3
24250026,15,4,7,10,43,1,1,1,0,1,250.0800114818678,1
24250026,15,5,3,25,44,-2,1,1,1,0,-101.6103196684021,5
24250026,15,5,4,25,44,-5,1,1,1,0,-101.6103196684021,4
24250026,15,5,5,25,44,-6,1,1,1,1,-101.6103196684021,3
24250026,16,1,2,16,20,-2,1,1,1,0,-2.5684640724493875,6
24250026,16,1,3,16,20,-3,1,1,1,0,-2.5684640724493875,5
24250026,16,1,5,16,20,-4,1,1,1,1,-2.5684640724493875,3
24250026,16,2,2,22,30,-1,1,1,1,0,-19.796538027268298,6
24250026,16,2,3,22,30,-2,1,1,1,0,-19.796538027268298,5
24250026,16,2,5,22,30,-2,1,1,1,0,-19.796538027268298,3
24250026,16,2,7,22,30,-1,1,1,1,1,-19.796538027268298,1
24250026,16,3,1,17,37,0,1,1,1,0,41.83484039441714,7
24250026,16,3,3,17,37,0,1,1,1,0,41.83484039441714,5
24250026,16,3,5,17,37,-1,1,1,1,0,41.83484039441714,3
24250026,16,3,7,17,37,0,1,1,0,1,41.83484039441714,1
24250026,16,4,2,34,46,-3,1,1,1,0,-253.20303762366188,6
24250026,16,4,4,34,46,-3,1,1,1,0,-253.20303762366188,4
24250026,16,4,6,34,46,-3,1,1,1,1,-253.20303762366188,2
24250026,16,5,2,18,51,-2,1,1,1,0,201.38014580606887,6
24250026,16,5,6,18,51,2,1,1,0,0,201.38014580606887,2
24250026,17,1,3,12,19,-1,1,1,1,0,-111.03288426574431,5
24250026,17,1,4,12,19,-2,1,1,1,0,-111.03288426574431,4
24250026,17,1,5,12,19,-3,1,1,1,1,-111.03288426574431,3
24250026,17,2,4,24,25,2,1,1,1,0,327.16347336012836,4
24250026,17,2,7,24,25,3,1,1,0,1,327.16347336012836,1
24250026,17,3,1,11,43,0,1,1,1,0,85.32641915375666,7
24250026,17,3,2,11,43,-2,1,1,1,0,85.32641915375666,6
24250026,17,3,4,11,43,-2,1,1,1,0,85.32641915375666,4
24250026,17,3,6,11,43,-2,1,1,1,1,85.32641915375666,2
24250026,17,4,2,15,44,-1,1,1,1,0,-94.19972413346477,6
24250026,17,4,3,15,44,-3,1,1,1,0,-94.19972413346477,5
24250026,17,4,6,15,44,-4,1,1,1,1,-94.19972413346477,2
24250026,17,5,2,10,14,-1,1,1,1,0,-22.832727443944123,6
24250026,17,5,4,10,14,-1,1,1,1,0,-22.832727443944123,4
24250026,17,5,7,10,14,1,1,1,0,1,-22.832727443944123,1
24250026,18,1,1,22,37,0,1,1,1,0,-153.44549896041508,7
24250026,18,1,3,22,37,1,1,1,1,0,-153.44549896041508,5
24250026,18,1,5,22,37,1,1,1,1,0,-153.44549896041508,3
24250026,18,1,8,22,37,0,1,1,0,1,-153.44549896041508,0
24250026,18,2,1,17,51,0,1,1,1,0,282.90951763350176,7
24250026,18,2,2,17,51,-1,1,1,1,0,282.90951763350176,6
24250026,18,2,4,17,51,-2,1,1,1,0,282.90951763350176,4
24250026,18,2,7,17,51,0,1,1,1,1,282.90951763350176,1
24250026,18,3,1,30,46,0,1,1,1,0,-117.60664563859837,7
24250026,18,3,2,30,46,-3,1,1,1,0,-117.60664563859837,6
24250026,18,3,4,30,46,-3,1,1,1,0,-117.60664563859837,4
24250026,18,3,6,30,46,-3,1,1,1,1,-117.60664563859837,2
24250026,18,4,2,16,18,-2,1,1,1,0,25.213672021111506,6
24250026,18,4,4,16,18,-2,1,1,1,0,25.213672021111506,4
24250026,18,4,5,16,18,-3,1,1,1,1,25.213672021111506,3
24250026,18,5,4,20,34,4,1,1,0,0,257.33295757875544,4
24250026,18,5,6,20,34,5,1,1,0,0,257.33295757875544,2
24250026,41,1,2,10,37,-1,1,1,1,0,11.214731386338372,6
24250026,41,1,5,10,37,-2,1,1,1,0,11.214731386338372,3
24250026,41,1,7,10,37,-2,1,1,0,1,11.214731386338372,1
24250026,41,2,1,14,20,0,1,1,1,0,45.959854169737355,7
24250026,41,2,3,14,20,3,1,1,1,0,45.959854169737355,5
24250026,41,2,4,14,20,2,1,1,1,0,45.959854169737355,4
24250026,41,2,6,14,20,3,1,1,0,0,45.959854169737355,2
24250026,41,2,7,14,20,2,1,1,0,1,45.959854169737355,1
24250026,45,2,1,22,43,0,1,1,1,0,85.41978113511436,7
24250026,45,2,2,22,43,-1,1,1,1,0,85.41978113511436,6
24250026,45,2,4,22,43,-1,1,1,1,0,85.41978113511436,4
24250026,45,2,7,22,43,-1,1,1,1,1,85.41978113511436,1
24250026,46,1,1,24,37,0,1,1,1,0,115.98783663456857,7
24250026,46,1,3,24,37,-1,1,1,1,0,115.98783663456857,5
24250026,46,1,5,24,37,-2,1,1,1,0,115.98783663456857,3
24250026,46,1,7,24,37,0,1,1,0,1,115.98783663456857,1
24250026,46,2,3,14,46,-1,1,1,1,0,50.08977412483091,5
24250026,46,2,4,14,46,-2,1,1,1,0,50.08977412483091,4
24250026,46,2,6,14,46,2,1,1,0,0,50.08977412483091,2
24250026,46,2,8,14,46,1,1,1,0,1,50.08977412483091,0
24250026,46,3,1,10,20,0,1,1,1,0,23.127126725793232,7
24250026,46,3,2,10,20,-3,1,1,1,0,23.127126725793232,6
24250026,46,3,6,10,20,-3,1,1,1,1,23.127126725793232,2
24250026,48,1,2,37,46,-3,1,1,1,0,16.042315294548416,6
24250026,48,1,4,37,46,-3,1,1,1,0,16.042315294548416,4
24250026,48,1,6,37,46,-6,1,1,1,1,16.042315294548416,2
24250026,49,1,2,14,24,-1,1,1,1,0,-81.94037780428607,6
24250026,49,1,4,14,24,-1,1,1,1,0,-81.94037780428607,4
24250026,49,1,5,14,24,-3,1,1,1,0,-81.94037780428607,3
24250026,49,1,6,14,24,-4,1,1,1,1,-81.94037780428607,2
